{
  "training_curves": {
    "epochs": [
      1,
      2,
      3,
      4,
      5,
      6,
      7,
      8,
      9,
      10,
      11,
      12,
      13,
      14,
      15,
      16,
      17,
      18,
      19,
      20,
      21,
      22,
      23,
      24,
      25,
      26,
      27,
      28,
      29,
      30,
      31,
      32,
      33,
      34,
      35,
      36,
      37,
      38,
      39,
      40,
      41,
      42,
      43,
      44,
      45,
      46,
      47,
      48,
      49,
      50
    ],
    "train_loss": [
      0.8939737132240899,
      0.8227756674308537,
      0.7605664255338,
      0.7105693800790988,
      0.6491240325499619,
      0.6214972292816658,
      0.5616108212390183,
      0.5207225947521422,
      0.48809058263868776,
      0.45541032632601397,
      0.4278373521396016,
      0.3807372990064047,
      0.36820789939539295,
      0.3350211036625154,
      0.31062408524380236,
      0.2921816862226095,
      0.2828319119643686,
      0.26105474861090355,
      0.2411019865669239,
      0.2266014804552879,
      0.20985466519275697,
      0.19194993081035297,
      0.18200005261945665,
      0.16937838743986378,
      0.16698488002731424,
      0.14371202481471748,
      0.14490039467546698,
      0.14008675600813525,
      0.1309715704018931,
      0.12325485360606536,
      0.12343851587234501,
      0.11587659850376873,
      0.10650624029750592,
      0.09215864941311931,
      0.08972751492375261,
      0.09350823270826832,
      0.08979361076300105,
      0.08822161212175214,
      0.07521945829744069,
      0.092459789245897,
      0.0668504200197927,
      0.07969102732005437,
      0.06756186517500481,
      0.06663816885336882,
      0.06526353502773145,
      0.06823050286231873,
      0.05965182632733632,
      0.053016829574115215,
      0.05998231109636806,
      0.04979407104310568
    ],
    "val_loss": [
      0.9583408283859457,
      0.8963447944319634,
      0.8489331323819568,
      0.7665664584372748,
      0.7439763353012963,
      0.6915099651410037,
      0.6526732089100695,
      0.6078634297684552,
      0.5613956263164626,
      0.5158165794196502,
      0.5089831927865482,
      0.4680736309793687,
      0.42738298922181894,
      0.4296119170963628,
      0.394069440456045,
      0.372716066480074,
      0.36992669550358537,
      0.3260577006047721,
      0.3340643477195614,
      0.2944414469642511,
      0.28622261840558677,
      0.26091185214503704,
      0.25910220048164045,
      0.23596690690845684,
      0.23086924170162765,
      0.21134880523221633,
      0.21067178612226714,
      0.19507127696353974,
      0.2163314841787639,
      0.16417783258220944,
      0.15929813597014683,
      0.18904532272947258,
      0.14977094609193314,
      0.15501823557130326,
      0.13943078156484082,
      0.15334994090082263,
      0.14179552053590694,
      0.13108185215559254,
      0.12574044393612185,
      0.12438335575225622,
      0.12417407160760557,
      0.11598240504510021,
      0.09853432189222545,
      0.10845633458221568,
      0.11880573991002759,
      0.08828102350334077,
      0.10452755836369361,
      0.07535029776036385,
      0.07631286770572085,
      0.09099294796696268
    ],
    "train_accuracy": [
      0.5064768853810069,
      0.5614701674978133,
      0.5823750615944441,
      0.6071580757476451,
      0.649166137147681,
      0.6895405653848152,
      0.7050604789006443,
      0.7356219880578294,
      0.7725475463447655,
      0.771564702835528,
      0.8022613854138253,
      0.815615492115324,
      0.8386676179760909,
      0.8594947345686335,
      0.8649460916220645,
      0.8618341733886934,
      0.8823695701467621,
      0.8959258645097715,
      0.8744590826127411,
      0.9091246705384901,
      0.929818004493841,
      0.9303749356155894,
      0.9277852594795601,
      0.9279546734817327,
      0.9365065169875065,
      0.937172055495261,
      0.963210541469225,
      0.9285536417319297,
      0.9488875602920841,
      0.9650170825180747,
      0.9701301502927863,
      0.9484710195997854,
      0.9449275077797229,
      0.9531018373050667,
      0.9721160025927402,
      0.9494304236116748,
      0.9545151061165187,
      0.9706376357976958,
      0.9721927542420272,
      0.9583708475339874,
      0.98,
      0.98,
      0.9639069788299155,
      0.9762539996674438,
      0.9714603085141476,
      0.9639587566810326,
      0.9799074950883113,
      0.9711691174705157,
      0.9777815306749822,
      0.9770077273104163
    ],
    "val_accuracy": [
      0.47284544784612037,
      0.4976468381355748,
      0.5125064728823268,
      0.5418505923601052,
      0.5575253970553359,
      0.5835783555700477,
      0.6348072761262988,
      0.6793159127586911,
      0.6538599059502018,
      0.6941793582368501,
      0.7042988314310665,
      0.7409088649029404,
      0.7342641093854526,
      0.7678455012661163,
      0.7812816734340068,
      0.7604956210400549,
      0.8043754622553791,
      0.8224399833288183,
      0.8209724909850311,
      0.7873918794134457,
      0.8173345832684072,
      0.8373354979063725,
      0.8536685888611596,
      0.8234030855077655,
      0.8475759207981082,
      0.8443582578404677,
      0.8639014674591438,
      0.8653994849803724,
      0.8744877130767554,
      0.8850904102562518,
      0.856334796012092,
      0.8721462180276263,
      0.8846952166137395,
      0.9097092193837616,
      0.8705759006730813,
      0.8941887784441321,
      0.8738098122716929,
      0.9008418320712736,
      0.8868023306673313,
      0.9090944349722518,
      0.8885315293548921,
      0.9307666140404364,
      0.8914372740214912,
      0.9173373466314458,
      0.946890802969935,
      0.9143949366784203,
      0.9070527681375901,
      0.9219026239386505,
      0.9156777680637403,
      0.8935301310026866
    ]
  },
  "test_results": {
    "confusion_matrix": {
      "TP": 149,
      "TN": 331,
      "FP": 19,
      "FN": 1
    },
    "metrics": {
      "accuracy": 96.0,
      "precision": 0.887,
      "recall": 0.993,
      "f1_score": 0.937,
      "false_alarm_rate": 5.4
    },
    "sample_scores": [
      0.09320257766411383,
      0.046355865963221776,
      0.03975194063842286,
      0.11954563502891195,
      0.059498555885796146,
      0.2805156217158205,
      0.04611971843065108,
      0.043924880717025716,
      0.11795486341507885,
      0.012039517701820626,
      0.055782132116582915,
      0.09153054560671339,
      0.08719179076864465,
      0.024005423620785074,
      0.16082724253746689,
      0.18951734851411473,
      0.09120862163382604,
      0.02363756761932477,
      0.016369092240454384,
      0.04449601680333288
    ]
  },
  "adversarial_analysis": {
    "normal": {
      "accuracy": 97.0,
      "precision": 0.914,
      "recall": 0.993,
      "f1_score": 0.952,
      "false_alarm_rate": 4.0,
      "scenario": "Normal Koşullar"
    },
    "attack": {
      "accuracy": 44.8,
      "precision": 0.342,
      "recall": 0.907,
      "f1_score": 0.496,
      "false_alarm_rate": 74.9,
      "scenario": "Adversarial Saldırı Altında"
    },
    "defense": {
      "accuracy": 96.0,
      "precision": 0.882,
      "recall": 1.0,
      "f1_score": 0.938,
      "false_alarm_rate": 5.7,
      "scenario": "Savunma Filtresi Aktif"
    }
  }
}